1709908540.780526,0.04437996099869196
1709908540.7886615,-0.0008262454306834263
1709908540.796806,0.04484370247802139
1709908540.8049567,0.005664890670473034
1709908540.8131034,0.003578427396328617
1709908540.8212614,0.011692285292301752
1709908540.8293188,-0.0008262454306834263
1709908540.8374124,-0.023777092524394066
1709908540.8456874,0.004505661433096029
1709908540.8538547,0.016328953319921704
1709908540.8620722,0.013083260808398594
1709908540.870192,0.013083260808398594
1709908540.8782218,-0.004535430499644519
1709908540.8863711,0.0388160589343046
1709908540.8944318,-0.02029965373415112
1709908540.9025767,0.006592124707242133
1709908540.9107327,0.016328953319921704
1709908540.918889,0.05133483857917785
1709908540.9270341,0.006592124707242133
1709908540.9351895,0.011692285292301752
1709908540.9434114,0.030238459559002034
1709908540.951486,0.016328953319921704
1709908540.959562,-0.027486277593356846
1709908540.9677243,0.016560699598641537
1709908540.9758902,-0.0038399427415969425
1709908540.9840531,0.016792694799249445
1709908540.9922228,-0.04255501306981587
1709908541.0003173,-0.007549127810559722
1709908541.008385,-0.009172098527264468
1709908541.0164576,0.03765707861881566
1709908541.0245955,-0.005462664536413618
1709908541.0327103,-0.009172098527264468
1709908541.0408688,-0.006621893773790623
1709908541.0490348,-0.006621893773790623
1709908541.0572004,0.06733080809240428
1709908541.0653253,0.012156026771629495
1709908541.0733998,0.017256187356689115
1709908541.0814755,-0.0031444549835476787
1709908541.08955,-0.014735751669763758
1709908541.0977035,0.01841541659406612
1709908541.1058667,-0.012649288395617655
1709908541.114034,0.060839671991247825
1709908541.122197,0.021197367626261485
1709908541.1303244,0.014010743767055764
1709908541.1384141,0.003810422596936523
1709908541.1464865,-0.018213190460006703
1709908541.154562,0.001723959322792106
1709908541.162713,0.021197367626261485
1709908541.1708734,-0.04301875454914361
1709908541.1790328,0.0793858462579498
1709908541.1871996,-0.004535430499644519
1709908541.1953208,0.016792694799249445
1709908541.2033932,-0.004999171978973947
1709908541.211466,-0.0643466309261495
1709908541.219616,0.042988985482595124
1709908541.2277758,-0.003608196462877107
1709908541.2359304,0.017256187356689115
1709908541.2440903,0.05666674544295731
1709908541.2522542,-0.046959685896826225
1709908541.2605317,0.05689849172167714
1709908541.2686887,0.006360378428522297
1709908541.2769642,-0.03212269669908704
1709908541.285241,0.06060792571252799
1709908541.2935178,-0.03768659876347608
1709908541.3016746,0.04345272696192455
1709908541.3100362,-0.029804487146222785
1709908541.318237,0.026529274490040944
1709908541.3263023,0.026529274490040944
1709908541.3343794,0.0024194470808396825
1709908541.3424697,-0.014967746870373352
1709908541.350612,-0.04440973006524045
1709908541.358769,0.02861573776418536
1709908541.3669236,-0.04394598858591271
1709908541.3750782,0.03139768879637904
1709908541.3832583,0.06733080809240428
1709908541.39132,-0.011258312879520815
1709908541.3994207,0.04693016575216749
1709908541.4074967,-0.024704326561163163
1709908541.4155717,-0.015663234628420928
1709908541.4237247,0.006592124707242133
1709908541.431888,-0.039541315758900665
1709908541.4400518,0.03139768879637904
1709908541.4482229,-0.049973383207739745
1709908541.456318,0.0054331443917531985
1709908541.4643934,-0.01751770270195744
1709908541.472469,-0.006390147495070788
1709908541.4805589,-0.011722054358850244
1709908541.488725,-0.009172098527264468
1709908541.4968882,0.020269884667604317
1709908541.5050552,0.014474236324495434
1709908541.5132232,-0.004071689020316778
1709908541.5213017,-0.05507354379279936
1709908541.529388,0.022588343142358327
1709908541.5374494,-0.08289280519285147
1709908541.5455172,-0.0970343066325414
1709908541.5536542,-0.039541315758900665
1709908541.5618153,0.6077185730488731
1709908541.569968,-0.531013689217033
1709908541.5781338,0.31492146289500694
1709908541.5863092,-0.6610684064407701
1709908541.5943842,-0.19787878694013125
1709908541.6024566,0.6158324309448462
1709908541.6105325,-0.43109644294621224
1709908541.6186852,0.4092750560233284
1709908541.6268466,-0.3638666234598936
1709908541.6350067,-0.2604719383988299
1709908541.643169,0.49319608385903463
1709908541.6513195,-0.11998515372625372
1709908541.6594107,0.05318930665271436
1709908541.6674862,0.1542657821609121
1709908541.6755996,-0.5525735607946485
1709908541.683755,0.5553257427602937
1709908541.6919122,-0.11442125166186468
1709908541.7000747,-0.22685702865567062
1709908541.7082458,0.2843204993846509
1709908541.7163231,-0.3128647686874093
1709908541.7243984,0.26670155915471805
1709908541.7324736,0.007055866186571561
1709908541.7405493,-0.4867347168244267
1709908541.7488298,0.5298246909131075
1709908541.7569993,-0.35366630228977436
1709908541.7652826,0.29730277158696383
1709908541.7735627,-0.15128160499465734
1709908541.7818394,-0.163104896881483
1709908541.7900705,-0.088224960978519
1709908541.7981894,-0.088224960978519
1709908541.80632,-0.013576771354276512
1709908541.8144422,-0.0692150452324893
1709908541.822589,0.15078834337067085
1709908541.8308504,-0.010099332564033567
1709908541.8391128,0.03765707861881566
1709908541.8473787,-0.11210304210900042
1709908541.8556485,0.05991243795448042
1709908541.8639128,-0.037918593964083994
1709908541.8721776,0.14476094874884213
1709908541.8803482,-0.0988887747060779
1709908541.8884172,-0.015663234628420928
1709908541.8966858,0.13687883713158883
1709908541.9049566,0.007055866186571561
1709908541.9132292,0.14174700251603886
1709908541.9213197,-0.09193414604748178
1709908541.9295897,-0.0038399427415969425
1709908541.9377756,0.05063935082112859
1709908541.9459312,-0.013808517632996347
1709908541.9542253,-0.02029965373415112
1709908541.9625034,-0.004535430499644519
1709908541.9707906,0.04206175144582771
1709908541.979056,-0.014967746870373352
1709908541.987246,0.08309503132691089
1709908541.995348,-0.08637024398309441
1709908542.0036254,0.07845836329929094
1709908542.0119038,-0.012881283596227248
1709908542.0200665,-0.04974163692901991
1709908542.028133,0.05504402364814063
1709908542.0363925,-0.06341939688938208
1709908542.0444577,0.10511839546196604
1709908542.0525372,-0.008244615568607299
1709908542.0608077,0.0005647300854151009
1709908542.0689652,-0.06851955747444172
1709908542.077245,-0.024936072839883
1709908542.085524,0.06431711078149077
1709908542.0938067,0.010301558698092983
1709908542.102096,-0.01659046866519003
1709908542.1102214,0.016560699598641537
1709908542.1183045,0.04067077592973087
1709908542.1264055,-0.020995141492200383
1709908542.1345158,0.02583378673199168
1709908542.1426704,-0.07802439088651168
1709908542.1509366,0.04855288754698417
1709908542.1592383,-0.04093229127499919
1709908542.1675072,0.0014919641221825132
1709908542.175786,0.07359019791484091
1709908542.1839628,-0.08776121949919126
1709908542.1922605,0.04600268279351032
1709908542.200431,0.005664890670473034
1709908542.2086058,0.02815199628485762
1709908542.216768,0.008910583181996144
1709908542.225033,0.01841541659406612
1709908542.2333095,-0.027950019072686273
1709908542.2415905,0.01563346556187244
1709908542.2498643,-0.028413511630125943
1709908542.2581406,0.016560699598641537
1709908542.2664063,0.08077682177404663
1709908542.2744918,-0.06828781119572187
1709908542.2827673,0.06269414006478434
1709908542.291037,-0.050668870965789
1709908542.299315,0.08796344563325068
1709908542.3075929,0.018647162872785956
1709908542.3158708,-0.03444115517384273
1709908542.3241343,0.03232492283314814
1709908542.3324127,0.04716191203088733
1709908542.34069,-0.00036250395135399804
1709908542.3489754,-0.009403844805984303
1709908542.3572593,-0.11859417821015689
1709908542.3655393,0.04414821471997213
1709908542.3738234,-0.019372419697383708
1709908542.3820066,0.06779454957173371
1709908542.3901563,-0.04719143217554606
1709908542.3982394,-0.037918593964083994
1709908542.406321,0.17026175167414023
1709908542.4144459,0.04345272696192455
1709908542.4227247,0.014937977803824862
1709908542.4309666,-0.4042044155829292
1709908542.4392343,0.0930636062183103
1709908542.447501,0.20967230976040674
1709908542.45577,0.13502412013616258
1709908542.4640393,0.3807603068652287
1709908542.4723113,-0.4999487353054594
1709908542.4805815,0.12227359421256949
1709908542.488857,-0.019604165976103545
1709908542.4971294,-0.030731970104879953
1709908542.5053992,0.387483189245105
1709908542.5134747,-0.5110765394342341
1709908542.5215502,0.2560374965052711
1709908542.5296435,0.052262072615946946
1709908542.5377872,0.011692285292301752
1709908542.5459402,0.04020703445040144
1709908542.5542443,-0.2715997425276063
1709908542.562523,-0.18536025621714608
1709908542.5706768,-0.5175676755353906
1709908542.578954,-0.5949978161918285
1709908542.5872238,-0.7985414938024328
1709908542.5954168,-0.5254497871526456
1709908542.6036925,-0.5810880610308584
1709908542.6118555,-0.6958422964994183
1709908542.6201384,-0.61864415104359
1709908542.628412,-0.6070526054354842
1709908542.636693,-0.4002634842352466
1709908542.6449752,-0.440833022637002
1709908542.6532624,-0.4160277074697532
1709908542.6615448,-0.27554067387528725
1709908542.6698284,-0.3673440622501349
1709908542.6781192,0.22450929895814592
1709908542.6862383,-0.4871984583037544
1709908542.6943192,0.17327544898505376
1709908542.7024384,-0.4178821755432897
1709908542.7105834,0.2843204993846509
1709908542.7187364,-0.4259962823611526
1709908542.727002,-0.25606726557181786
1709908542.7352934,0.055275769926860466
1709908542.7434137,-0.2741496983591904
1709908542.7516897,0.006360378428522297
1709908542.759959,-0.35644825332196806
1709908542.7682343,-0.27368620580175074
1709908542.7764287,-0.12415808027454424
1709908542.7845504,-0.3385975668133153
1709908542.7928255,-0.053450821997982685
1709908542.8011026,0.07382194419356075
1709908542.8093848,0.19228536473108346
1709908542.817664,0.09167263070221346
1709908542.8258424,0.21407698258741711
1709908542.8341212,0.15264306036609543
1709908542.8424163,0.07451743195161001
1709908542.850692,0.2822340361105048
1709908542.8589683,0.16446610333103134
1709908542.867246,0.2558057502265512
1709908542.8753145,0.3918881109940051
1709908542.8835976,0.47233170003946845
1709908542.8918753,0.7769518531582704
1709908542.900152,0.4834595041682432
1709908542.9084303,0.5386342854890179
1709908542.9167109,0.5203198575010375
1709908542.9249928,0.4002337151686981
1709908542.933251,0.5119742533263445
1709908542.9414082,0.3079668342364108
1709908542.9494803,0.27597464628806817
1709908542.9577649,0.4287484643267978
1709908542.9660518,0.4737226755555653
1709908542.9741862,0.7041583805294526
1709908542.9822397,0.6492155944092873
1709908542.990303,0.7048538682875002
1709908542.998403,0.5576439523131596
1709908543.0064855,0.5458209093482237
1709908543.0146327,0.42990744464228675
1709908543.0227365,0.3332358908829874
1709908543.0308821,0.3960607886204076
1709908543.0390418,0.448453618908987
1709908543.047188,0.6404059998333752
1709908543.0553868,0.8863741817630509
1709908543.0634623,1.0532892523195807
1709908543.0717304,1.1256189834690709
1709908543.0800014,1.0961770002742022
1709908543.0882661,1.1107822431932215
1709908543.0964327,1.2153359085697724
1709908543.1047065,1.2042083533628858
1709908543.1128647,1.3449271332360715
1709908543.1210127,1.423979995687326
1709908543.1292915,1.5990089241398289
1709908543.1373706,1.8711733967528503
1709908543.1454456,2.084221907775525
1709908543.1537182,2.1906302901475017
1709908543.1618834,2.320685007371239
1709908543.1700504,2.3944059629587158
1709908543.178336,2.5376746986634857
1709908543.1866014,2.666106694092406
1709908543.194765,2.8691868791455706
1709908543.2029276,3.158970043066635
1709908543.2112005,3.4098063903807594
1709908543.2193263,3.7923201767134405
1709908543.2274277,4.176456933762825
1709908543.2356853,4.45627152279249
1709908543.2438443,4.728204000204902
1709908543.2521248,4.95771247114202
1709908543.2604027,5.1494328568658005
1709908543.2684782,5.520587341712873
1709908543.2767465,5.623518285294607
1709908543.285029,5.977053829911748
1709908543.293299,6.221862782604046
1709908543.301576,6.551751992369423
1709908543.309861,6.379968507506556
1709908543.3181438,6.767814200703015
1709908543.3262467,7.001727344467145
1709908543.3343186,7.394673447170551
1709908543.3424442,7.272268846363456
1709908543.3505514,8.021764190994919
1709908543.358703,7.464916715045894
1709908543.3668654,8.742744786468279
1709908543.3751287,7.94966620612415
1709908543.3833163,8.577684432907176
1709908543.391586,9.023950599935933
1709908543.3998616,8.977353417990459
1709908543.4080272,10.020341111611947
1709908543.416317,9.533041664702106
1709908543.424474,10.546587375128725
1709908543.432571,10.449915821369427
1709908543.440839,10.433224364098152
1709908543.4491174,11.333638560851028
1709908543.4573028,10.895022759160806
1709908543.4655771,11.662136795100313
1709908543.4738576,11.836238738437938
1709908543.482025,12.254453897787922
1709908543.490298,12.701647298853446
1709908543.4985647,13.066310398677473
1709908543.5067208,13.214679543889194
1709908543.514995,13.670914285809348
1709908543.523103,13.929169003261396
1709908543.53128,14.45425628646269
1709908543.5393512,14.479988835666706
1709908543.5474155,15.0407774918853
1709908543.5554872,15.359075404964464
1709908543.563559,15.166891028839466
1709908543.5717158,16.517744568091278
1709908543.579876,15.78192698342018
1709908543.588038,16.863861493648606
1709908543.5961998,17.107279470824807
1709908543.6044807,17.01060791706551
1709908543.6125557,18.42034517378517
1709908543.6207101,17.541722594888626
1709908543.6289766,18.79149965863224
1709908543.6371381,18.230942997614257
1709908543.6453285,18.895357836250746
1709908543.6536036,19.352056319650227
1709908543.6617677,18.876811661984046
1709908543.6700544,20.29721323027504
1709908543.6781752,19.6731359348397
1709908543.6863263,20.84131018030047
1709908543.6944506,20.537849256419047
1709908543.7027252,21.29314024939362
1709908543.710989,21.071282143795028
1709908543.7192538,21.491120024939832
1709908543.72741,21.87131560171965
1709908543.7356818,21.644125589257285
1709908543.7439513,22.174544779322353
1709908543.7521112,22.226937609610935
1709908543.7603796,22.337982411088642
1709908543.7686503,22.836177915848534
1709908543.7769146,22.781698622285813
1709908543.7851882,23.06939532293273
1709908543.7934644,23.3608014575705
1709908543.8017344,23.473468980843023
1709908543.8100128,23.91162128997581
1709908543.8182836,24.24939261135844
1709908543.8265626,24.58507746946693
1709908543.8348389,24.59736425391119
1709908543.8431165,25.02624347591063
1709908543.8513944,25.406670798969156
1709908543.8596745,25.204749843153376
1709908543.8678374,26.080126978460285
1709908543.876117,25.669562184448832
1709908543.8843994,26.34325011021867
1709908543.8926783,26.317981053572094
1709908543.9009557,26.702813298379525
1709908543.9092374,27.214222572698564
1709908543.9175215,26.82011748967967
1709908543.9258056,27.923380125206993
1709908543.933988,27.507715170610485
1709908543.9421492,28.047639194087623
1709908543.950238,28.190444437234955
1709908543.9583411,28.71182228644539
1709908543.9664369,28.40187022646281
1709908543.9745362,28.78948417338055
1709908543.9826908,28.696521804690214
1709908543.990848,28.732918665465565
1709908543.999019,28.922784583115813
1709908544.0073001,29.213726976274256
1709908544.015414,28.775574667141473
1709908544.023481,29.702880891257628
1709908544.0316136,29.024788292660777
1709908544.039767,29.411938498099193
1709908544.047918,29.73209112817378
1709908544.0560753,28.392597139329464
1709908544.0642595,58.15402926209202
1709908544.0723152,-114.17147305734271
1709908544.0804121,130.33068315775978
1709908544.0884938,-40.35487794626014
1709908544.0966067,-74.41205641983184
1709908544.104761,73.36301156252198
1709908544.1129222,-44.25489649225557
1709908544.1210783,26.814785582815894
1709908544.1292644,16.189941821600048
1709908544.1374156,-40.6673802109962
1709908544.1454911,44.1009339248348
1709908544.1536002,-27.804714727457302
1709908544.1617544,-5.176586399574352
1709908544.1699166,29.19657177752365
1709908544.1780849,-57.26245393113783
1709908544.1862705,28.644824462159683
1709908544.1943398,-24.752949543126775
1709908544.202419,-17.244086839494972
1709908544.2104943,35.47629005495269
1709908544.218606,-39.19087687626955
1709908544.22676,26.846777521842345
1709908544.2349293,-4.69508260100762
1709908544.2430942,-4.7887404574560035
1709908544.2512815,17.037267949228184
1709908544.2593539,-26.3231109832237
1709908544.2674136,32.93222520879413
1709908544.275486,-16.56576224569751
1709908544.283565,-9.199472790012424
1709908544.2917194,20.72609245227447
1709908544.2998788,-17.14277861770805
1709908544.3080451,11.248326557499228
1709908544.316212,-6.102733394453134
1709908544.3243167,3.8192119551548336
1709908544.3323846,-0.48348927323479163
1709908544.34046,-8.373706533961903
1709908544.3486261,17.45942403992585
1709908544.356781,-15.361423134661988
1709908544.365065,15.517644622424413
1709908544.3732507,-5.532671900023077
1709908544.3815377,-5.989138388221952
1709908544.389822,2.3645002382845175
1709908544.3981051,-12.36854216564309
1709908544.4062235,-12.549134996159985
1709908544.414332,11.362617051488456
1709908544.4224303,2.4291798530173625
1709908544.4305756,-6.527671685104885
1709908544.4388416,13.775467951185897
1709908544.4471102,-10.82109982636116
1709908544.4553807,8.681774356804397
1709908544.463662,-11.769734175776216
1709908544.4719281,1.456899168750548
1709908544.4801977,2.517505802601967
1709908544.4884708,-7.293626491807013
1709908544.4967856,14.597061280688129
1709908544.505056,-11.05037630209767
1709908544.5132425,11.678364759814148
1709908544.5214138,-1.3544614867928002
1709908544.5294821,-1.1161439191235494
1709908544.5375574,9.096280331085419
1709908544.5457132,-11.966091229527613
1709908544.5539632,9.04458298855489
1709908544.5622356,-11.060808369546509
1709908544.5705063,1.092699810405849
1709908544.5787842,2.5712896084066448
1709908544.5870605,-5.236397600000856
1709908544.5953438,7.890318498255085
1709908544.6036224,-5.139262304762229
1709908544.6118994,6.248059073287391
1709908544.6201797,-1.2531532650058828
1709908544.6283193,0.009374075739435814
1709908544.6365924,1.3613868442286257
1709908544.644868,-7.109556222499878
1709908544.6531494,2.333435533294832
1709908544.6614306,-6.365161287375364
1709908544.669712,2.4764725227208837
1709908544.677845,-1.8206648036043542
1709908544.6861327,0.8212308255508768
1709908544.694227,2.839512900750094
1709908544.7022922,5.557215948766948
1709908544.7104876,-3.0215264758496314
1709908544.7188022,2.1252551876566077
1709908544.727072,-1.5628735787097443
1709908544.735341,-3.404967745140969
1709908544.743419,1.4775318062913945
1709908544.7516654,-4.5226036283867
1709908544.759936,3.966885612608504
1709908544.768066,-1.0556372309389952
1709908544.7763314,2.2260999168860875
1709908544.7846024,2.472531591373201
1709908544.7928798,-0.5247542993945964
1709908544.8011518,3.8920056767055415
1709908544.8094292,-2.939459916087463
1709908544.817707,1.2039763581622762
1709908544.8259768,-2.854147663813772
1709908544.834242,-1.366284778679626
1709908544.842333,0.8351403317899588
1709908544.8504,-1.3623435984100536
1709908544.858683,3.597354098478137
1709908544.866956,-0.8177831558271823
1709908544.875234,2.9642357111100517
1709908544.8835113,0.7943390471094836
1709908544.8917823,0.06895352988722096
1709908544.8999248,1.6017908751720242
1709908544.908213,-2.8768667646287636
1709908544.9164946,0.5947363008465602
1709908544.9247754,-2.890776270867845
1709908544.933053,-0.21062931286372433
1709908544.9413295,0.047625404588327
1709908544.949412,-0.36850329148751354
1709908544.957671,2.130819089720997
1709908544.965981,-0.6592136894453455
1709908544.9741597,1.9766545450880586
1709908544.982319,-0.1649593649550195
1709908544.990383,-0.9132957292709927
1709908544.9985518,-2.406722516469528
1709908545.0066247,-0.12323059731588708
1709908545.0148888,-2.3476065548791825
1709908545.0229673,1.2610058564784772
1709908545.0311027,-0.5836382657843322
1709908545.039365,1.0753126164546358
1709908545.0474377,1.1358195535610782
1709908545.0556085,-0.4355011157732226
1709908545.0638714,1.677134552554316
1709908545.0720384,-1.7988731857480207
1709908545.080347,0.7632740931979083
1709908545.0885296,-1.8577571521377565
1709908545.0968084,-0.6501723485907135
1709908545.105073,-0.022154370729577388
1709908545.1133473,-1.0799790535488043
1709908545.1216228,2.086076624770951
1709908545.1297855,-0.535881854601483
1709908545.1380618,2.4257024142271195
1709908545.1462483,0.31005329751055694
1709908545.1545236,0.6019229247057659
1709908545.1627986,0.6564022182684914
1709908545.170979,-1.6771640726989747
1709908545.179276,0.3680097809416356
1709908545.1873503,-2.169795675394484
1709908545.1956244,0.6302056786632576
1709908545.2039008,-0.5377365715969092
1709908545.21218,0.7968890029410676
1709908545.2204518,1.402188128909101
1709908545.2287154,0.1915898769730342
1709908545.2369854,1.8475270619010888
1709908545.2452574,-0.8982269937945336
1709908545.25354,0.6608068910955017
1709908545.2618263,-1.362807339889383
1709908545.2701118,-0.5484006342463562
1709908545.278215,-0.5328681572905695
1709908545.2863207,0.4259665132946041
1709908545.2944205,-0.0666650894009052
1709908545.3025198,1.1508882890375371
1709908545.3106742,0.33045393985079374
1709908545.3189437,0.5330703834246305
1709908545.3272197,0.24815563380990582
1709908545.3353367,-0.5493278682831253
1709908545.3435192,-0.23311641847810724
1709908545.3517857,-1.1629728473477414
1709908545.3600569,-0.27044051329022933
1709908545.3682446,-0.37035775956105005
1709908545.3765235,-0.16658233567172595
1709908545.3847847,0.5110467703676856
1709908545.393055,0.3684735224209651
1709908545.4013212,0.8791875579038453
1709908545.4095879,0.49273259130159497
1709908545.4178622,0.46653605169635953
1709908545.4261408,0.3705599856951095
1709908545.4344113,-0.17145050105617599
1709908545.4425845,0.36708254690486825
1709908545.450868,0.08981791370678718
1709908545.4591496,0.7113450043886566
1709908545.4674275,0.963804073497599
1709908545.4757073,1.2287819222514147
1709908545.4839852,1.577680798840935
1709908545.4922855,1.3817874865688642
1709908545.5004523,1.6562701687347499
1709908545.5086272,1.3428406699619255
1709908545.516907,1.4010291485936137
1709908545.5250657,1.4316301121039698
1709908545.533229,1.5582073905374656
1709908545.54149,1.927739153589722
1709908545.549588,2.0492162714381568
1709908545.5578818,2.4966414187824006
1709908545.5661612,2.5179695440812964
1709908545.5742435,2.7604600382988393
1709908545.5823417,2.8091436835184576
1709908545.5905018,2.8833281316633723
1709908545.5987952,2.790829504452365
1709908545.6070619,3.093826686854461
1709908545.6153426,3.043288573561306
1709908545.6235235,3.3135983291789013
1709908545.6316953,3.2871700432949478
1709908545.639956,3.369004856778396
1709908545.6482284,3.541020087919985
1709908545.656319,3.3961286304203986
1709908545.6644187,3.600136049510331
1709908545.6725223,3.483527097046346
1709908545.6807916,3.446203002234224
1709908545.689062,3.466603893496351
1709908545.697337,3.3532406335438893
1709908545.7056081,3.454548855330807
1709908545.7138863,3.2644511914018435
1709908545.7221627,3.365527417988153
1709908545.730322,3.226199613631064
1709908545.7385914,3.1649974376884624
1709908545.7468674,3.11330009515793
1709908545.7551389,3.0451430416348444
1709908545.7634192,2.986027328966387
1709908545.7716942,2.919029504680678
1709908545.7799606,2.948471487875545
1709908545.788119,2.9570490872508475
1709908545.7963982,2.9695676179738313
1709908545.8046763,2.9936776943049206
1709908545.8129523,3.0323927646331392
1709908545.8212357,3.0509386899779516
1709908545.8295066,3.0509386899779516
1709908545.8377714,3.2127538488713117
1709908545.846045,3.222026936004663
1709908545.8541908,3.4188474823135016
1709908545.8623164,3.6717702929017717
1709908545.8704083,3.9052196951865743
1709908545.8785825,4.093926632521329
1709908545.8868418,4.297006568652604
1709908545.8949072,4.495218339399429
1709908545.9031723,4.648687645196207
1709908545.9114118,4.817920925305604
1709908545.9195473,4.9901681516478025
1709908545.9276898,5.216662676352119
1709908545.9358552,5.3344306091315925
1709908545.944122,5.557215948766948
1709908545.9523938,5.689588875543549
1709908545.960667,5.872268169334589
1709908545.9688113,6.027591943204901
1709908545.9770787,6.127972930955053
1709908545.9852688,6.305088322681702
1709908545.9935362,6.39596447701978
1709908546.0017104,6.582816697359109
1709908546.0099804,6.757845625811614
1709908546.0182717,7.036732980804509
1709908546.0263572,7.355262889084285
1709908546.0345256,7.619313254879442
1709908546.0425947,7.974008028733959
1709908546.0508485,8.25080892045271
1709908546.0590868,8.562615697430719
1709908546.0673563,8.850312398077635
1709908546.0756412,9.19109741677118
1709908546.0838978,9.50846809581358
1709908546.0921829,9.829315964724326
1709908546.1004126,10.084788980066072
1709908546.1086943,10.46312983985046
1709908546.1169841,10.938837990074086
1709908546.1252615,11.331320351298166
1709908546.13354,11.828820119378122
1709908546.1416926,12.293632460673578
1709908546.1500032,12.62908557250335
1709908546.1581545,13.068396861951618
1709908546.1662507,13.644717746204114
1709908546.1743493,13.928705261782069
1709908546.182429,14.239353058444587
1709908546.1905906,14.596597788130692
1709908546.1987598,14.040909292497153
1709908546.2070222,16.070087425546426
1709908546.2151902,14.38192630639131
1709908546.223417,16.9336415178884
1709908546.2315915,16.730329586556515
1709908546.2398617,16.999943854416063
1709908546.248137,17.3789802019585
1709908546.256407,17.53940413641387
1709908546.2646723,18.192923415044085
1709908546.2729394,18.260152985608514
1709908546.281238,18.174145494498664
1709908546.2894106,18.67883188643783
1709908546.2976782,18.600474511744622
1709908546.3059466,19.162885640836144
1709908546.3142214,18.191764185806708
1709908546.3224912,20.45114602862926
1709908546.3307922,17.97500648971507
1709908546.3390574,20.66581751036864
1709908546.3473337,19.76795302052546
1709908546.3556085,20.200309681315133
1709908546.3638847,20.919435808714955
1709908546.3721614,20.280521773003766
1709908546.3804417,21.561131546536455
1709908546.3887196,20.66489002740998
1709908546.3969982,20.95026851850404
1709908546.4052994,21.340896411654576
1709908546.4134715,20.215378416791594
1709908546.4217448,21.373120345881638
1709908546.4300518,20.275421363496818
1709908546.4381824,21.070818402315705
1709908546.4462833,20.3122819657515
1709908546.4544022,21.29731292702002
1709908546.4625742,20.06051813547872
1709908546.4708366,20.940068197333918
1709908546.479108,20.328741676744055
1709908546.487373,20.14536664627308
1709908546.4955456,20.450914282350542
1709908546.5038188,19.936491061798694
1709908546.5119917,20.14420766595759
1709908546.520278,19.674295164077076
1709908546.528346,20.00348888608441
1709908546.536404,19.87691160765091
1709908546.5445492,19.970337717820577
1709908546.5528,20.122416048101258
1709908546.5610728,19.92999992569754
1709908546.5693743,20.460419115762612
1709908546.5776467,20.37533860976764
1709908546.5859194,20.566827498134586
1709908546.594186,20.69572298612095
1709908546.6024106,20.698041195673813
1709908546.6105437,20.801667875935486
1709908546.6188204,20.906917029070083
1709908546.6270952,20.802363363693537
1709908546.6353636,20.87191114381083
1709908546.6434183,21.043231136116262
1709908546.6516857,20.858697125329794
1709908546.6599576,21.130397856463492
1709908546.668239,21.01912105978517
1709908546.6765168,21.014716386958163
1709908546.6847928,21.097246688199654
1709908546.6930728,19.755202743523757
1709908546.7013507,30.109504753921396
1709908546.7095118,-70.5588670509825
1709908546.717793,47.309413858551736
1709908546.7260792,-4.4699790518194
1709908546.7342,-31.863070744633955
1709908546.7423155,-40.463141045627545
1709908546.7504404,19.483733758668784
1709908546.7587376,15.816932868679439
1709908546.7670028,-33.75778923871059
1709908546.7753031,32.05012494218546
1709908546.7834182,-22.993617673137656
1709908546.7915435,4.945889179255196
1709908546.79981,22.293703687617924
1709908546.8079834,-37.08403685628512
1709908546.8162484,27.967659097599597
1709908546.8244333,-4.042258810135456
1709908546.8327045,-16.355495685707027
1709908546.8409836,28.945039942451476
1709908546.849249,-13.018583756561172
1709908546.857531,3.5185329823056026
1709908546.865805,-0.06063744585718841
1709908546.8740776,-4.921345379433215
1709908546.8823645,5.563011597110053
1709908546.890643,-18.239318370855496
1709908546.8989213,16.47508831749349
1709908546.9071975,-7.9126036266572966
1709908546.9154096,-10.526911740691197
1709908546.9234822,14.254653540199767
1709908546.9317627,-10.465246072191155
1709908546.9400403,10.933274088009696
1709908546.948207,-6.936150015842189
1709908546.9564884,3.0284515843635686
1709908546.9647672,0.5483708651798077
1709908546.9729357,-11.010965744011404
1709908546.981104,17.617761511107076
1709908546.9892948,-11.225405230550175
1709908546.9975746,-0.7329346450328206
1709908547.0058498,3.047924992667038
1709908547.0141356,-2.6763367843290737
1709908547.0222497,-7.005698044881374
1709908547.0303113,8.873958732929395
1709908547.0385053,-8.942377301797752
1709908547.0466595,0.08518149460105699
1709908547.054806,4.295383846857788
1709908547.0630496,-8.012520872928118
1709908547.071319,8.211166616087723
1709908547.0794115,-8.622688413202491
1709908547.0877085,5.825439241110397
1709908547.0959756,-3.9265773406301276
1709908547.1042488,-1.2283479498386338
1709908547.11243,9.549037634215335
1709908547.1207063,-11.315354150851485
1709908547.1288624,14.447069662603482
1709908547.137128,-10.064649604149214
1709908547.1453893,6.8709771394853565
1709908547.1535654,1.8069575234993334
1709908547.161832,-5.367147804982643
1709908547.170116,13.610639343903513
1709908547.1783893,-11.434512810225167
1709908547.186464,13.039882361715406
1709908547.1947365,-4.424077357631976
1709908547.2029998,0.9976507295194782
1709908547.211279,8.696611346002136
1709908547.2195497,-9.341582545401707
1709908547.2277236,12.063892492379628
1709908547.2359974,-8.803976731477432
1709908547.2442663,6.08021676869409
1709908547.2525444,0.5963590226413769
1709908547.2608294,-3.675277500758563
1709908547.2691073,7.773941540991708
1709908547.2773876,-8.409176160700486
1709908547.2856698,6.374636351720887
1709908547.2939358,-3.5368769304382432
1709908547.3021579,-0.19695155290336214
1709908547.310241,2.6389829204504034
1709908547.318339,3.5368474102935847
1709908547.3266354,-3.7506211781408556
1709908547.3349054,1.607122782035802
1709908547.343093,-0.48001183444455037
1709908547.3513622,-0.48279378547674406
1709908547.3596375,0.9220753058584666
1709908547.3679004,-2.79317723414989
1709908547.3761692,1.1093912676771247
1709908547.3843527,-2.487166354436879
1709908547.3926268,1.1747663701680169
1709908547.4008992,-1.27262692223124
1709908547.409165,-0.9559517309468942
1709908547.4174094,1.328235427042906
1709908547.4256856,-3.1738365524090333
1709908547.4339488,1.759432858595204
1709908547.4422464,-1.7028968708248808
1709908547.450523,-0.9687022568704873
1709908547.4588013,1.1821847403059424
1709908547.4670775,-2.8270238901717692
1709908547.4753504,1.8071892697780532
1709908547.4836202,-2.211060701554288
1709908547.491898,0.17605740001724743
1709908547.5001812,-0.3105465591345451
1709908547.5084522,-1.850338533077943
1709908547.516631,1.3015753948802327
1709908547.5247836,-2.303327831408464
1709908547.532925,1.6857121519296185
1709908547.5411892,-1.7467121017381593
1709908547.5493057,1.136051299839798
1709908547.5575652,0.021892855384309063
1709908547.565846,-1.150686062903476
1709908547.5741274,2.2469643007056535
1709908547.5822449,2.8344127401650345
1709908547.5903246,-1.6964057347237245
1709908547.5984256,1.4330210876200666
1709908547.6065714,1.7330048216331384
1709908547.6148372,-1.02920894505504
1709908547.623109,3.8954831154957827
1709908547.6313806,-1.4527560112688043
1709908547.6394823,3.57718520241662
1709908547.647755,-0.035832130689939574
1709908547.6560235,0.9141931942412133
1709908547.6642954,1.7160813691612549
1709908547.672575,-1.3683712419537704
1709908547.680844,2.6262323945268102
1709908547.6891143,-1.6637183079392222
1709908547.6973853,1.980827222714461
1709908547.705695,-0.5147857245031969
1709908547.7139735,0.43431236639118687
1709908547.7222507,1.2297091562881821
1709908547.7305274,-1.2380847784513134
1709908547.738797,1.8041755724671398
1709908547.7469478,-1.8742168631303124
1709908547.755227,0.7834429892594269
1709908547.7635088,-1.022022321195836
1709908547.771787,-0.634176379077487
1709908547.7799478,0.3918881109940051
1709908547.788226,-1.544559399643652
1709908547.796506,1.0066920703741085
1709908547.8046358,-1.3155146701858615
1709908547.8129046,0.49760100560793474
1709908547.8211882,-0.7693312568862855
1709908547.829472,-0.7118382660126448
1709908547.8377588,-0.26765856225803397
1709908547.8459332,-1.4782570631159906
1709908547.8541563,0.32187634047549285
1709908547.8622634,0.416693426161254
1709908547.8703434,-0.9297551913416588
1709908547.878467,-0.539359293391726
1709908547.8867326,-0.13273543072795704
1709908547.895002,-1.2417939635202762
1709908547.903293,0.4748819047929423
1709908547.911447,-1.2311299008708274
1709908547.919738,0.30657585872031395
1709908547.9278414,-0.7790680854989633
1709908547.9361064,-0.3230650898575286
1709908547.9443789,0.021197367626261485
1709908547.9524548,-0.6638501085510757
1709908547.9606073,0.8300401712048991
1709908547.9687684,-0.5748289201303115
1709908547.9770331,0.8476591114348321
1709908547.9852078,-0.007317381531839887
1709908547.9934769,0.5163789261533549
1709908548.0017912,0.8594821543997679
1709908548.0099592,0.15148383112871844
1709908548.01825,1.3089940139400462
1709908548.0263233,0.1621478937781654
1709908548.0343947,1.2023536363674594
1709908548.0424755,0.5078013267780523
1709908548.0507274,0.7611876299237639
1709908548.058989,0.9756273653844231
1709908548.0672553,0.28895691849038113
1709908548.0755186,1.0319611270206868
1709908548.0837965,0.06501259853954003
1709908548.0920727,0.7375412950720023
1709908548.100345,-0.08683398546242216
1709908548.108611,0.4945870593751315
1709908548.116894,0.16910277135865132
1709908548.1251776,-0.13992205458716278
1709908548.1333256,0.11323250227982894
1709908548.1415973,-0.12438982655326408
1709908548.1498706,0.14962911413329216
1709908548.1581967,-0.13088096265442054
1709908548.1663365,-0.23728934502639776
1709908548.1744335,-0.2971005454529027
1709908548.1825428,-0.2952460773793662
1709908548.1906996,-0.44500594918529257
1709908548.19896,-0.3441614688777044
1709908548.2072306,-0.4955440624784474
1709908548.215417,-0.3675758085288547
1709908548.2236104,-0.5771471296831757
1709908548.23188,-0.41185478092146266
1709908548.2401526,-0.48858943381985126
1709908548.2484174,-0.3875129583116535
1709908548.2566884,-0.416259453748473
1709908548.2649581,-0.3782398711783034
1709908548.2732298,-0.4004952305139664
1709908548.2814095,-0.39191763113866385
1709908548.2895901,-0.247489666196517
1709908548.2977552,-0.3884401923484226
1709908548.3060215,-0.2957095699368059
1709908548.3143008,-0.32793350416386835
1709908548.322367,-0.11418950538314485
1709908548.3304424,-0.14015404978777068
1709908548.3386183,0.020965372425651895
1709908548.3468862,0.13224216910396888
1709908548.3551636,0.12528754044537277
1709908548.3634412,0.39791550561583217
1709908548.3717213,0.2152362118247941
1709908548.3800037,0.5694672441999836
1709908548.388279,0.3624461277991364
1709908548.3965616,0.5734081755476662
1709908548.4048417,0.4704772319659302
1709908548.413116,0.40069745664802753
1709908548.4213889,0.663820588406417
1709908548.4296665,0.2871024504168446
1709908548.43797,0.667529773475378
1709908548.4461617,0.3163124384111038
1709908548.4542615,0.31399422885823786
1709908548.4623427,0.1746664245011506
1709908548.470459,0.4326893956744804
1709908548.478736,-0.020995141492200383
1709908548.4870012,0.29938923486110824
1709908548.4952903,-0.08173382487736254
1709908548.503414,0.07729938298380369
1709908548.5116837,-0.05808749002560264
1709908548.5199473,-0.1749279398464189
1709908548.5280921,0.026761020768760777
1709908548.5362675,-0.3520435804949577
1709908548.5443103,-0.11326202242448767
1709908548.55256,-0.49461682844168
1709908548.560828,-0.23010272116719202
1709908548.5691018,-0.43990578860023294
1709908548.5773845,-0.3283972456431978
1709908548.5856621,-0.30127347200119325
1709908548.5939302,-0.531013689217033
1709908548.6022162,-0.24238950561145736
1709908548.6104925,-0.6098345564676779
1709908548.6187744,-0.21248378093726084
1709908548.6269376,-0.4336463987777963
1709908548.6352162,-0.2588492166040132
1709908548.6434937,-0.27368620580175074
1709908548.651771,-0.45659724587150863
1709908548.659935,-0.10653914004461137
1709908548.6682267,-0.3886721875490305
1709908548.6765072,0.012619768250958922
1709908548.6847916,-0.18396928070104923
1709908548.6930692,0.06964901764527022
1709908548.701348,0.05968044275387082
1709908548.7096198,0.05342130185332395
1709908548.7178998,0.26600607139666876
1709908548.726163,0.0870359626745935
1709908548.7342935,0.07729938298380369
1709908548.742406,0.3698644979370619
1709908548.750594,0.1934443450465707
1709908548.7588592,0.3357858467145732
1709908548.7671292,0.36754628838419595
1709908548.7753994,0.18741695042474368
1709908548.7834716,0.46143589111129996
1709908548.7915692,0.13873330520512536
1709908548.7998452,0.4039429002376609
1709908548.8081138,0.22566827927363317
1709908548.8163843,0.2850159871426985
1709908548.8246622,0.23169592281734996
1709908548.8329268,0.25093733592021145
1709908548.8411932,0.3666188054255388
1709908548.8494604,0.4649133299015429
1709908548.8577285,0.18973515997760793
1709908548.8660066,0.6939580593593333
1709908548.8742886,0.6821347674725093
1709908548.882565,0.7512193039542525
1709908548.8908412,1.6662387436261492
1709908548.8991146,1.8078847575361026
1709908548.9073815,2.0529254565071193
1709908548.9155633,3.3047889835248787
1709908548.9238386,3.4290480524055087
1709908548.932121,3.671306800344332
1709908548.9404001,4.67094300453187
1709908548.9484887,4.607190623835795
1709908548.9565976,5.348571861649394
1709908548.9648685,6.273791871413298
1709908548.9731417,6.709162229513887
1709908548.981423,6.3498310365536375
1709908548.9894958,8.156919068803717
1709908548.9977546,7.433388268576881
1709908549.006043,7.488563049897654
1709908549.0141878,8.941883791251875
1709908549.022307,9.037164618416965
1709908549.0303693,8.218584986225649
1709908549.0386274,9.270614020701766
1709908549.046782,9.600271235266536
1709908549.05505,10.640940968257047
1709908549.0633264,10.76009962763073
1709908549.0715952,11.577752025785278
1709908549.0798702,11.960961299876008
1709908549.088148,12.70929766419198
1709908549.0964115,12.687969538893084
1709908549.104696,14.188582949950824
1709908549.112856,13.84246577547161
1709908549.1210163,13.8380611026446
1709908549.1292915,14.57758787238466
1709908549.137557,14.20620164125887
1709908549.1458237,14.428059746857453
1709908549.1541057,15.04657314022841
1709908549.1622849,14.691414873816454
1709908549.1705625,15.289295380724672
1709908549.1788414,15.651408524717112
1709908549.1870062,15.19934670934525
1709908549.1952844,15.084360727597971
1709908549.2035613,16.25948960171734
1709908549.21184,14.861111895405177
1709908549.2201197,16.420609272852655
1709908549.2283065,15.375766862235741
1709908549.236586,16.203851327839125
1709908549.244863,16.587292597130464
1709908549.2531412,16.557850613935596
1709908549.2614257,17.343974316699242
1709908549.269704,16.785272372676683
1709908549.278005,17.97546998227251
1709908549.2861102,17.32658737166992
1709908549.2942111,18.527912785394523
1709908549.302375,17.682209379561204
1709908549.31055,18.311386835581605
1709908549.318815,18.37305250408165
1709908549.3270817,19.2463434250363
1709908549.3353531,18.756262027094266
1709908549.3436196,19.625148026300018
1709908549.3518925,20.094133045221877
1709908549.3601625,20.131457140033998
1709908549.3683531,20.341723948946367
1709908549.3766258,21.17166288262329
1709908549.384896,20.619220328423165
1709908549.3931682,21.29059004464014
1709908549.4014459,21.356892381167807
1709908549.409712,21.051113247733515
1709908549.4178865,21.706950486994703
1709908549.426168,21.280621469748745
1709908549.43444,21.312613657697085
1709908549.4427164,21.376365789471272
1709908549.4508734,21.328145885730983
1709908549.459148,21.992097231810035
1709908549.4674263,8.1552963470089
1709908549.4757092,-12.385929110672416
1709908549.4839861,38.947429378948684
1709908549.4922638,-62.42662253967339
1709908549.500538,20.452768750424077
1709908549.5088112,22.81484979054964
1709908549.5170522,-59.677623040388134
1709908549.5252059,45.60687949167821
1709908549.533309,-24.778682341252683
1709908549.541567,-5.504852638623025
1709908549.5497243,40.15478218729512
1709908549.5580084,-42.54007534093777
1709908549.5661776,35.50665927218432
1709908549.5742722,-10.92634897949576
1709908549.5823834,32.12848231687866
1709908549.5905616,-35.92513594687957
1709908549.598826,-2.957542348874836
1709908549.6070912,11.926651151296689
1709908549.6152778,-13.155593351365395
1709908549.6234314,17.523639913179366
1709908549.6315978,-13.43540794039506
1709908549.6398687,13.487307509059653
1709908549.6481326,-7.6610717915851225
1709908549.6564033,-7.612388146365505
1709908549.6644714,8.294855897644709
1709908549.6726546,-19.973612930476758
1709908549.6809256,8.409146391633938
1709908549.6891942,-7.775362285574353
1709908549.6974678,-5.411194782174642
1709908549.7056487,7.705784487468622
1709908549.7139242,-10.752479031358744
1709908549.722213,9.58821644602288
1709908549.7304926,-8.532739741823068
1709908549.7387707,3.193280440567842
1709908549.7470403,0.9619496054240625
1709908549.7553167,-9.859251209543183
1709908549.7634087,11.301646621824576
1709908549.7716827,-11.501742629711485
1709908549.7798498,6.954898416242953
1709908549.7881346,-0.36525759897599047
1709908549.796406,-4.533731183593587
1709908549.8046904,3.9003512808802343
1709908549.812972,-9.162380690400912
1709908549.8212492,10.509031534037884
1709908549.8295317,-9.472796491862821
1709908549.8378108,4.234413417193905
1709908549.8460913,2.1502924980244664
1709908549.8542228,-7.919558255315892
1709908549.862401,-8.50793417773393
1709908549.870571,7.7660594293744545
1709908549.8788455,-5.925618002726484
1709908549.8871117,0.26948351018691175
1709908549.8953812,4.728899487962949
1709908549.9037035,-9.625106568422222
1709908549.911969,13.3157557704755
1709908549.920146,-9.729196492319446
1709908549.9284115,7.113004141145462
1709908549.9365966,-1.5262449716556714
1709908549.9447567,-4.601192749358626
1709908549.9530241,9.71247551490351
1709908549.961289,-10.194008833614904
1709908549.9694061,12.563478723733736
1709908549.9775398,-4.881934821346948
1709908549.9856935,3.13231001090396
1709908549.9939475,6.855444662529568
1709908550.0022237,-5.804140884878049
1709908550.0103502,12.052764688250853
1709908550.0184674,-7.601260591158618
1709908550.026533,7.383081901562446
1709908550.0346775,-1.0190086238849223
1709908550.042837,-1.6113254776506427
1709908550.051107,7.00288632478263
1709908550.0593734,-7.286903609427136
1709908550.0674837,7.4667714320413205
1709908550.0757647,-4.667031593328848
1709908550.084046,1.1182006133311453
1709908550.0922346,2.4685904111036305
1709908550.1003115,-4.660076715748363
1709908550.1083817,5.071539223651922
1709908550.1165638,-4.7887404574560035
1709908550.1248474,1.7462188401141712
1709908550.1331248,-0.7109110319758773
1709908550.1414018,-1.5707556903269977
1709908550.1496859,2.1906302901475017
1709908550.157985,-2.8898490368310767
1709908550.1661851,1.4256027174821428
1709908550.1742666,0.3200218724019546
1709908550.1823466,-0.7939048257748128
1709908550.1904652,-0.6997832278471009
1709908550.1987336,1.3546637129268613
1709908550.2070043,-3.1149525860192964
1709908550.2152972,1.9622812973696488
1709908550.2235677,-3.1596950509693422
1709908550.231839,0.11531896555397335
1709908550.2401092,0.1106822975263534
1709908550.248389,-2.4911072857845618
1709908550.2566648,2.424775180190352
1709908550.264822,-3.539658881470437
1709908550.2729812,1.51786959841443
1709908550.2812524,-1.2538487527639302
1709908550.2895257,-0.8773626099749674
1709908550.2977943,1.270974431369875
1709908550.3060665,-2.4085769845430645
1709908550.314345,1.637723994468048
1709908550.3226228,-2.3274376588176646
1709908550.3308988,1.079717538203536
1709908550.3391767,-1.2684539956829495
1709908550.3474536,-0.758435447958117
1709908550.3557332,0.47233170003946845
1709908550.364014,-2.4445101038390886
1709908550.3722908,2.891210243280626
1709908550.3805678,-2.2349390316066575
1709908550.3888457,2.527706123772086
1709908550.3971238,-0.6288444722137077
1709908550.405403,-1.1147529436074508
1709908550.4136798,2.8436858272983847
1709908550.421974,-3.666467906182653
1709908550.4301715,3.746418482526016
1709908550.438261,1.199339939056546
1709908550.4463735,2.8179530291724784
1709908550.4544723,-1.0574916990125316
1709908550.4626286,4.018351208860316
1709908550.470893,0.5064103512619554
1709908550.47916,1.9576446293420289
1709908550.4874134,0.13502412013616258
1709908550.4955904,-0.04904614917097233
1709908550.5038602,1.3532727374107645
1709908550.5121243,-0.7238933041781903
1709908550.5203896,1.6622975633565769
1709908550.5284848,-0.6796143317855823
1709908550.5365572,1.273292640922741
1709908550.5446858,-0.3787036126576311
1709908550.5528545,-0.014735751669763758
1709908550.5611205,1.1743026286886893
1709908550.569385,-1.4536834942274615
1709908550.5776596,0.9325076222291937
1709908550.5859318,-1.5763195923913866
1709908550.5942004,-0.4234460776076788
1709908550.6024745,-0.9520105506773219
1709908550.6107438,-0.4593791969037023
1709908550.6190214,0.2588194475374647
1709908550.627305,-0.7524080533362899
1709908550.6355836,0.6526927842776405
1709908550.6438656,-1.1147529436074508
1709908550.6521358,-0.34532044919319166
1709908550.6604211,-0.662227386756259
1709908550.6687021,-0.7714177201604299
1709908550.6768677,-0.09332512156357861
1709908550.6851487,-1.2946502863662952
1709908550.6934333,0.36290962035657603
1709908550.7017167,-1.4453376411308805
1709908550.70987,-0.09309312636297071
1709908550.7180448,-0.5796970855147615
1709908550.7262166,-0.8924313454514264
1709908550.7343924,-1.211656492567358
1709908550.742578,0.15982968422530117
1709908550.7508233,-1.0387137784671117
1709908550.759091,-0.506439871406616
1709908550.7673593,-0.1600911995705695
1709908550.775483,-0.6877284386034452
1709908550.7836132,0.5203198575010375
1709908550.79188,-0.4871984583037544
1709908550.8001616,0.6596476618581247
1709908550.8084316,0.014706231525105027
1709908550.8167043,0.619541616013809
1709908550.8249762,0.710649516630609
1709908550.8332474,0.42921195688423747
1709908550.8415155,1.1821847403059424
1709908550.8498027,0.1009457178355636
1709908550.8580697,1.18751689609161
1709908550.8663726,0.4795183238986725
1709908550.8746517,0.9906961008608821
1709908550.8829286,0.9584721666338196
1709908550.891217,0.510583277810246
1709908550.8994994,1.213481440496236
1709908550.9077742,0.18092581432358723
1709908550.9160414,1.186357666854233
1709908550.9241295,0.3302221935720739
1709908550.932297,0.3425089780163392
1709908550.9404094,0.5662215516884604
1709908550.9485316,-1.0013896836549894
1709908550.956712,1.1617840979657041
1709908550.9648821,-1.2823635019220316
1709908550.9730475,0.5975182518787555
1709908550.9812164,-0.4169549415065223
1709908550.9894073,-0.5201176313669764
1709908550.9976888,-0.04672793961810639
1709908551.0058546,-0.49415308696235055
1709908551.0140793,0.08379051908496016
1709908551.022261,-0.09054317053138494
1709908551.0303242,-0.6515633241068121
1709908551.0383964,-0.23218918444133813
1709908551.0464911,-0.3909903971018965
1709908551.0546489,-0.4345736328145654
1709908551.0628154,-0.24795340767584473
1709908551.0710816,-0.8205651068593777
1709908551.07935,-0.023313351045066325
1709908551.0874138,-0.9538652676727482
1709908551.0954857,-0.09471609707967546
1709908551.103793,-0.6096028101889581
1709908551.111954,-0.3689667840449532
1709908551.120222,-0.22732077013499835
1709908551.128493,-0.638813047105107
1709908551.1366389,0.14568818278561124
1709908551.144902,-0.5099173101968572
1709908551.1531732,0.030470454759611628
1709908551.1613173,-0.13204019189179755
1709908551.1695821,-0.2695132792534602
1709908551.1777422,0.2558057502265512
1709908551.1859071,-0.1944013481498883
1709908551.1941833,0.4915733620642163
1709908551.2024646,0.06617157885502728
1709908551.2105286,0.5217108330171344
1709908551.2188,0.3756601462801691
1709908551.2270792,0.422720820783081
1709908551.2352679,0.6394787657966078
1709908551.2435505,0.4278212302900304
1709908551.2518108,0.6114277581178359
1709908551.259974,0.42990744464228675
1709908551.2682521,0.4848504796843417
1709908551.276531,0.4363985807434432
1709908551.2846854,0.4841549919262924
1709908551.292965,0.42434379149978746
1709908551.3012466,0.3559549916979799
1709908551.3095272,0.34969560187554327
1709908551.3178117,0.2365640882018017
1709908551.3260972,0.31932638464390706
1709908551.3342175,0.11786892138555913
1709908551.342384,0.007287612465291396
1709908551.3504746,-0.15360006346941302
1709908551.3586273,0.1628433815362147
1709908551.3668966,-0.5277679967055099
1709908551.3751643,0.286870455216235
1709908551.3834348,-0.6747461664011323
1709908551.3916209,-0.08474752218827605
1709908551.399886,-0.37313971059324375
1709908551.4081554,-0.5535007948314159
1709908551.41635,-0.3675758085288547
1709908551.4244926,-0.4044364107835371
1709908551.4326522,-0.31866041703051823
1709908551.4409516,-0.5776106222406154
1709908551.449226,-0.3738351983512913
1709908551.4573252,-0.4086090884099396
1709908551.4655979,-0.19880602097689867
1709908551.4738715,-0.3478706539466655
1709908551.4820416,-0.20344268900451862
1709908551.4903176,-0.24702617363907733
1709908551.4985943,-0.3615484139070277
1709908551.5067577,0.0024194470808396825
1709908551.5149255,-0.38218105144787407
1709908551.5230534,0.11045055124763357
1709908551.5312128,-0.06550586016352651
1709908551.5393124,0.1489336263752446
1709908551.5474176,0.041366263687778446
1709908551.5555668,0.04901638010442384
1709908551.5638244,0.3684735224209651
1709908551.5720809,0.23911429295527553
1709908551.580265,0.3515500699490798
1709908551.58854,0.18602597490864684
1709908551.596816,0.2634561155650847
1709908551.605095,0.29150712324385497
1709908551.613284,0.27875659732026187
1709908551.6215641,0.3353223541571335
1709908551.629848,0.20967230976040674
1709908551.638135,0.4125204996129618
1709908551.6462626,0.3761238877594985
1709908551.6543415,0.21338149482936952
1709908551.6624298,0.3513183236703599
1709908551.670742,0.17559390745980777
1709908551.679007,0.18509874087187775
1709908551.6871614,0.1194916431803758
1709908551.695412,0.025602040453271843
1709908551.703611,0.15078834337067085
1709908551.711754,-0.09147040456815235
1709908551.7200239,0.014010743767055764
1709908551.7282946,-0.1728414765722728
1709908551.7364397,-0.1749279398464189
1709908551.7445152,0.04623467799411823
1709908551.7526712,-0.41718668778524215
1709908551.7608294,-0.04440973006524045
1709908551.7689905,-0.392844865175433
1709908551.777261,-0.37777612969897395
1709908551.7854111,-0.32793350416386835
1709908551.7934866,-0.36363487718117377
1709908551.801758,-0.3965542991662838
1709908551.810036,-0.31402399792478636
1709908551.8182003,-0.14455872261478103
1709908551.8264747,-0.2901459167943066
1709908551.8347464,-0.17515993504702682
1709908551.8429127,-0.2753089275965674
1709908551.8511782,0.026529274490040944
1709908551.8594573,-0.24099853009536054
1709908551.8675332,-0.05090086616639691
1709908551.8758118,-0.005694659737021524
1709908551.8840926,-0.09123865828943252
1709908551.8922718,0.21685893361961248
1709908551.9005475,0.008446841702668401
1709908551.9088256,0.25673298426331864
1709908551.9169927,0.12969221327238312
1709908551.9251566,0.17234821494828464
1709908551.933312,0.2859432211794676
1709908551.9414113,0.0891224259487396
1709908551.9494863,0.25093733592021145
1709908551.9575953,0.18973515997760793
1709908551.9658704,0.21222251451388058
1709908551.974151,0.19970373486900733
1709908551.9822764,0.1243600574867156
1709908551.9903412,0.25395128215301305
1709908551.9984348,0.2555740039478314
1709908552.0065765,0.15565675767700896
1709908552.0147328,0.21152702675583301
1709908552.022816,0.04484370247802139
1709908552.0309653,0.14800639233847548
1709908552.0391102,-0.046959685896826225
1709908552.0472813,-0.010099332564033567
1709908552.0554156,-0.07732890312846243
1709908552.0634868,-0.0891521950152881
1709908552.0715573,-0.03142745786292753
1709908552.079707,-0.1658868479136767
1709908552.08787,-0.1253170605900315
1709908552.0960343,-0.15104985871593749
1709908552.104196,-0.27693164939138576
1709908552.112306,-0.13343091848600633
1709908552.1203742,-0.34277049336160753
1709908552.1284494,-0.26279014795169414
1709908552.1365993,-0.23450739399420406
1709908552.1447616,-0.1767826568418435
1709908552.152923,-0.25792198256724413
1709908552.1610782,-0.1540635560268527
1709908552.1692662,-0.16240940912343374
1709908552.177317,-0.02864550683073385
1709908552.1854107,-0.1651913601556291
1709908552.1934874,-0.05321907571926285
1709908552.2015967,-0.03513664293189031
1709908552.209751,-0.06017395329974874
1709908552.217913,-0.0017534794674508385
1709908552.2260787,-0.08845670725723884
1709908552.2342641,0.05133483857917785
1709908552.242315,0.04043878072912128
1709908552.2504134,0.06825804212917339
1709908552.2584896,0.12389656492927592
1709908552.2666004,0.05689849172167714
1709908552.27476,0.17049349795286006
1709908552.2829235,0.13803781744707777
1709908552.2910898,0.16353886929426395
1709908552.2992663,0.10117746411428342
1709908552.3073232,0.12714200851890928
1709908552.3153949,0.17304370270633393
1709908552.3234668,0.1904306477356572
1709908552.331539,0.17234821494828464
1709908552.3396902,0.13989253444250235
1709908552.3478527,0.23540510788631275
1709908552.356016,0.09584555725050398
1709908552.3641763,0.17304370270633393
1709908552.3723142,-0.0012899869100111677
1709908552.3804066,0.0891224259487396
1709908552.3884816,-0.04301875454914361
1709908552.3967612,0.048784633825704006
1709908552.404941,-0.11418950538314485
1709908552.4131136,-0.04325050082786345
1709908552.4212995,-0.1610184336073369
1709908552.429582,-0.10769836928198838
1709908552.4378586,-0.08497926846699588
1709908552.446025,-0.2287117456510952
1709908552.4542518,-0.18999667532287626
1709908552.4623756,-0.14363148857801364
1709908552.470475,-0.1728414765722728
1709908552.4786396,-0.18605574397519534
1709908552.486805,-0.10746637408138048
1709908552.4949718,-0.18420102697976906
1709908552.5031466,-0.05461005123535969
1709908552.5114152,-0.11418950538314485
1709908552.5194907,-0.0745472010181585
1709908552.5276096,-0.06898329895376945
1709908552.5357547,-0.026095302077260005
1709908552.5439105,-0.07524243985431801
1709908552.5520608,-0.06527411388480667
1709908552.5602417,-0.033050179657744205
1709908552.5683367,0.024674806416502746
1709908552.5766056,0.03139768879637904
1709908552.5847716,0.04414821471997213
1709908552.5930405,0.08657247011715383
1709908552.6013188,0.109755063489586
1709908552.609413,0.04345272696192455
1709908552.6174881,0.14800639233847548
1709908552.6257586,0.06988076392399006
1709908552.6339247,0.13247416430457848
1709908552.642199,0.1528748066448153
1709908552.6504824,0.11601445331202262
1709908552.658593,0.12157810645452191
1709908552.6668713,0.09074514774355628
1709908552.6751478,0.1470791583017081
1709908552.683336,0.10674136617867248
1709908552.69141,0.1028001859091001
1709908552.6994853,0.04113426848717054
1709908552.7075605,0.0624623937860645
1709908552.7157166,0.036034107902110916
1709908552.7239964,0.014474236324495434
1709908552.7321615,0.009374075739435814
1709908552.740443,-0.1049164182497947
1709908552.7485187,-0.019140424496774115
1709908552.7567885,-0.0921658923262016
1709908552.7649581,-0.014040263911714496
1709908552.77324,-0.08358829295089905
1709908552.781516,-0.05808749002560264
1709908552.7896717,-0.12323059731588708
1709908552.7979429,-0.055305538993408954
1709908552.8061793,-0.09332512156357861
1709908552.8142269,-0.09865702842735807
1709908552.8224328,-0.059014724062370044
1709908552.830505,-0.10793011556070821
1709908552.8385773,-0.17608716908379593
1709908552.846742,-0.09935251618540733
1709908552.8548007,-0.08382003922961888
1709908552.8629632,-0.09587507739516439
1709908552.8711271,-0.06736057715895277
1709908552.8793213,-0.09378861412101828
1709908552.887385,-0.032586438178416464
1709908552.8954668,-0.002912708704827843
1709908552.9036133,-0.02864550683073385
1709908552.9117663,-0.040468549795669766
1709908552.9198332,0.0014919641221825132
1709908552.9279778,0.09770002532404048
1709908552.93613,0.03649784938143866
1709908552.9443138,0.10233669335166043
1709908552.9524312,0.06964901764527022
1709908552.9605036,0.11508697035336544
1709908552.9686644,0.09955474231946675
1709908552.9768336,0.08309503132691089
1709908552.9849968,0.12714200851890928
1709908552.9931529,0.05968044275387082
1709908553.0013213,0.10604587842062321
1709908553.0094464,0.053884794410763624
1709908553.0175934,0.12320107717122665
1709908553.025661,0.07845836329929094
1709908553.0338006,0.09097714294416419
1709908553.0419931,0.04530719503546106
1709908553.050167,0.03696159086076809
1709908553.058322,0.0633896278228336
1709908553.0663912,-0.020531400012870956
1709908553.0744667,0.008215095423948566
1709908553.0825424,-0.04301875454914361
1709908553.0906947,-0.0692150452324893
1709908553.0988579,-0.06365114316810193
1709908553.1070213,-0.05739200226755337
1709908553.115179,-0.03328192593646404
1709908553.123327,-0.09193414604748178
1709908553.1314173,-0.06272390913133283
1709908553.1394885,-0.1058436522865638
1709908553.1476,-0.10769836928198838
1709908553.1557536,-0.11882592448887504
1709908553.163915,-0.14177677158258736
1709908553.1720784,-0.08497926846699588
1709908553.18026,-0.08845670725723884
1709908553.188316,-0.023313351045066325
1709908553.1963882,-0.004999171978973947
1709908553.2044647,-0.04348224710658328
1709908553.21254,0.01748818255729871
1709908553.2206926,0.011692285292301752
1709908553.2288554,-0.0008262454306834263
1709908553.2370412,-0.014967746870373352
1709908553.2453284,0.016560699598641537
1709908553.253608,-0.03212269669908704
1709908553.2618864,0.07521291970965759
1709908553.270165,0.036034107902110916
1709908553.27825,0.042988985482595124
1709908553.2863321,0.04901638010442384
1709908553.294432,0.0812403143314863
1709908553.3025877,0.02537029417455201
1709908553.3108528,0.08842693819069035
1709908553.3190062,0.026761020768760777
1709908553.3272748,0.03765707861881566
1709908553.3354475,0.029311225522234623
1709908553.3435664,0.03139768879637904
1709908553.351833,0.08216779729014348
1709908553.3601053,0.0636216230234415
1709908553.368302,0.05249381889466678
1709908553.3765724,0.031861430275708466
1709908553.384843,0.04437996099869196
1709908553.3931093,-0.0047671767783643544
1709908553.4013042,-0.03212269669908704
1709908553.409579,-0.014504005391043923
1709908553.417742,-0.0643466309261495
1709908553.4260178,-0.03235469189969663
1709908553.434288,-0.0666650894009052
1709908553.442561,-0.056464519308896205
1709908553.450836,-0.08938394129400794
1709908553.4591086,-0.05971021182041931
1709908553.4673853,-0.08196557115608237
1709908553.4756627,-0.04672793961810639
1709908553.4839406,-0.08961568757272777
1709908553.492239,-0.08752947322047142
1709908553.5003116,-0.025863555798540168
1709908553.508561,-0.12183962179979023
1709908553.5166602,-0.051828100203166014
1709908553.5249028,-0.07895187384516886
1709908553.5330474,-0.05043712468706917
1709908553.5413373,-0.0038399427415969425
1709908553.5493875,-0.025631560597930578
1709908553.5576556,0.008215095423948566
1709908553.565821,-0.021458882971529813
1709908553.574077,-0.017285956423237603
1709908553.5822103,0.007519607665899303
1709908553.5902934,-0.01751770270195744
1709908553.5984042,-0.0038399427415969425
1709908553.60655,0.05179833113661752
1709908553.6148174,0.09538181577117623
1709908553.6230886,0.06779454957173371
1709908553.6313577,0.007519607665899303
1709908553.6395042,0.0715037346406965
1709908553.6477737,0.02954297180095446
1709908553.6558876,0.04623467799411823
1709908553.6640491,0.02815199628485762
1709908553.6722043,0.03394764462796482
1709908553.6803143,0.031861430275708466
1709908553.6884124,0.028383991485465523
1709908553.6964843,0.045770936514790486
1709908553.7045593,-0.010099332564033567
1709908553.7127016,0.030933947317051298
1709908553.7208557,-0.014040263911714496
1709908553.7290168,-0.002217220946780267
1709908553.7371814,-0.04811891513420323
1709908553.7453158,-0.019604165976103545
1709908553.7533906,-0.012649288395617655
1709908553.761466,-0.025863555798540168
1709908553.7695413,-0.041395783832438866
1709908553.777695,-0.05716000706694547
1709908553.7858644,-0.059014724062370044
1709908553.7940283,-0.07477894729687834
1709908553.8021905,-0.0397730620376205
1709908553.8103156,-0.04394598858591271
1709908553.8184078,-0.008708357047936727
1709908553.8264832,-0.038150340242803824
1709908553.834594,-0.06712858195834487
1709908553.842749,-0.06898329895376945
1709908553.850913,-0.05368256827670252
1709908553.8590798,-0.04093229127499919
1709908553.86727,-0.022386117008297225
1709908553.8753285,-0.07987910788193796
1709908553.8833997,-0.002680962426108008
1709908553.891471,0.001723959322792106
1709908553.899543,-0.026790789835307582
1709908553.9076967,-0.0017534794674508385
1709908553.9158523,-0.0047671767783643544
1709908553.924013,-0.0038399427415969425
1709908553.932172,-0.01751770270195744
1709908553.9403179,-0.003608196462877107
1709908553.9484136,-0.042091271590486444
1709908553.956508,0.03394764462796482
1709908553.9646633,0.030238459559002034
1709908553.972832,0.005201149191145293
1709908553.980994,0.03557061534467125
1709908553.9891603,0.06617157885502728
1709908553.9973178,0.03464313238601408
1709908554.0055969,-0.005694659737021524
1709908554.013759,0.018183670315346283
1709908554.021923,0.0033466811176087814
1709908554.030047,0.07266271495618375
1709908554.0381458,-0.06017395329974874
1709908554.0462358,-0.012185795838177985
1709908554.0543,-0.015663234628420928
1709908554.0623677,0.018647162872785956
1709908554.070449,-0.05136435872383658
1709908554.0785422,0.01192428049290966
1709908554.086697,-0.025168068040490904
1709908554.0948648,-0.05785549482499304
1709908554.10303,-0.04626419813877696
1709908554.1111956,-0.058782977783650214
1709908554.119412,-0.03699111100542682
1709908554.127485,-0.05414630975603195
1709908554.1355567,-0.05831923630432247
1709908554.1437087,-0.04162777903304677
1709908554.1518712,-0.0407002960743896
1709908554.1600344,-0.07848813236583943
1709908554.168207,-0.06736057715895277
1709908554.1763127,-0.07292423030145206
1709908554.1843774,-0.016822214943909862
1709908554.1924522,-0.037918593964083994
1709908554.2005222,-0.005926406015741359
1709908554.20869,0.026297528211321107
1709908554.2168546,0.013547002287728021
1709908554.2250159,-0.04765517365487549
1709908554.233178,-0.004535430499644519
1709908554.2413137,0.009142329460715979
1709908554.2494085,0.06802629585045356
1709908554.257553,0.05504402364814063
1709908554.2657092,0.0803130802947172
1709908554.2738771,0.017719928836018542
1709908554.282044,0.05968044275387082
1709908554.2902145,0.02583378673199168
1709908554.298315,0.02861573776418536
1709908554.306411,0.03557061534467125
1709908554.314486,-0.05623277303017637
1709908554.322595,-0.04301875454914361
1709908554.3307507,-0.051828100203166014
1709908554.3389122,-0.054378056034751786
1709908554.3470807,-0.0017534794674508385
1709908554.355268,0.04043878072912128
1709908554.3633199,0.010997046456142247
1709908554.371386,0.10025023007751602
1709908554.3794587,0.06709906181368445
1709908554.3875573,0.05063935082112859
1709908554.3957102,0.001723959322792106
1709908554.403873,-0.02655904355658943
1709908554.4120328,-0.05600102675145653
1709908554.420199,-0.13366291368661423
1709908554.4283178,-0.07825638608711959
1709908554.4363902,-0.05924647034108988
1709908554.4444654,-0.022154370729577388
1709908554.45274,0.005664890670473034
1709908554.4609032,-0.03699111100542682
1709908554.469182,0.03325215686991724
1709908554.4773166,0.02954297180095446
1709908554.485597,-0.0010579917094032617
1709908554.4937508,-0.019372419697383708
1709908554.50204,-0.09054317053138494
1709908554.510179,-0.06991053299053855
1709908554.5182269,-0.05507354379279936
1709908554.5262926,-0.03049997490427036
1709908554.534474,-0.007549127810559722
1709908554.5426266,-0.002912708704827843
1709908554.5508692,0.04994386306308101
1709908554.5591161,0.05272581409527469
1709908554.5673857,-0.0038399427415969425
1709908554.5756564,0.007055866186571561
1709908554.5839233,-0.07014227926925838
1709908554.5921936,-0.018676931939334444
1709908554.6004605,-0.048814402892252494
1709908554.60873,0.04159800996649828
1709908554.616994,-0.09981625766473508
1709908554.6252754,0.1334013983413459
1709908554.6335423,-0.07083776702730596
1709908554.641815,0.016560699598641537
1709908554.6500905,0.13989253444250235
1709908554.6583579,-0.07825638608711959
1709908554.6666331,0.04020703445040144
1709908554.674825,0.02444281121589484
1709908554.6831024,-0.023777092524394066
1709908554.6913815,0.12250558941317907
1709908554.6996582,-0.05507354379279936
1709908554.7078233,0.09097714294416419
1709908554.7159977,0.05504402364814063
1709908554.7242777,0.05272581409527469
1709908554.7325547,0.1628433815362147
1709908554.7408383,-0.0666650894009052
1709908554.7490025,0.10372766886775728
1709908554.7573018,-0.037918593964083994
1709908554.7655792,-0.0666650894009052
1709908554.773845,0.05666674544295731
1709908554.782124,-0.08845670725723884
1709908554.7902467,-0.019140424496774115
1709908554.7983522,-0.03699111100542682
1709908554.8064523,0.02815199628485762
1709908554.814767,-0.038150340242803824
1709908554.8230371,-0.01844493673872654
1709908554.831305,0.013083260808398594
1709908554.8394654,-0.03513664293189031
1709908554.847645,-0.02655904355658943
1709908554.855908,-0.05785549482499304
1709908554.8641815,-0.09680231143193181
1709908554.8724105,-0.004535430499644519
1709908554.8805835,-0.04394598858591271
1709908554.8888543,-0.021922375528969484
1709908554.8971255,0.023051835699797997
1709908554.9053907,0.04113426848717054
1709908554.9135714,0.016328953319921704
1709908554.9218495,-0.04440973006524045
1709908554.9301267,-0.05831923630432247
1709908554.938392,-0.042091271590486444
1709908554.946512,-0.1264762898274102
1709908554.9546673,-0.0038399427415969425
1709908554.9628358,0.011228792734862082
1709908554.9709923,-0.08868845353595867
1709908554.9791548,0.09190437698093329
1709908554.9873266,0.02768850372741795
1709908554.995398,0.05179833113661752
1709908555.0034702,0.01748818255729871
1709908555.0116282,-0.007317381531839887
1709908555.0197914,0.08518149460105699
1709908555.0279288,-0.042091271590486444
1709908555.036072,-0.039077574279572924
1709908555.0442524,-0.025631560597930578
1709908555.0523543,-0.05716000706694547
1709908555.0604153,0.07521291970965759
1709908555.0684822,-0.058782977783650214
1709908555.0765574,0.04901638010442384
1709908555.0848448,-0.03606387696865941
1709908555.093008,0.012851514529678759
1709908555.101175,0.03557061534467125
1709908555.1094549,-0.1070028815239408
1709908555.1176183,0.042293497724547546
1709908555.125765,-0.052291841682493755
1709908555.1340492,-0.015431239427813022
1709908555.1421852,-0.02284985848762665
1709908555.1502783,-0.012185795838177985
1709908555.1583405,0.0014919641221825132
1709908555.1664042,-0.021458882971529813
1709908555.1745503,0.008215095423948566
1709908555.1827145,-0.014504005391043923
1709908555.190876,-0.03444115517384273
1709908555.199029,-0.04950989065030007
1709908555.2071927,0.009142329460715979
1709908555.2154171,-0.020067907455432972
1709908555.2234898,0.0007964763641349362
1709908555.231588,-0.019140424496774115
1709908555.239734,0.02583378673199168
1709908555.2478852,0.014937977803824862
1709908555.2560468,0.011692285292301752
1709908555.2642152,0.004737656633705622
1709908555.2723129,-0.025631560597930578
1709908555.2804139,0.0221246016630289
1709908555.2884889,0.016328953319921704
1709908555.2965977,0.01563346556187244
1709908555.304752,-0.020067907455432972
1709908555.3129141,0.01841541659406612
1709908555.3210793,0.06709906181368445
1709908555.3292441,-0.01659046866519003
1709908555.3373182,0.01563346556187244
1709908555.3453932,0.06593983257630745
1709908555.353468,-0.07709715684974258
1709908555.3615403,-0.011722054358850244
1709908555.3696969,-0.028877253109453684
1709908555.3778617,-0.048582407691642904
1709908555.386029,0.02537029417455201
1709908555.3941908,-0.048582407691642904
1709908555.4023209,0.04507544875674122
1709908555.4104137,0.073358202714233
1709908555.4185588,-0.037918593964083994
1709908555.426715,0.030470454759611628
1709908555.434878,-0.03536838921061015
1709908555.4430435,0.04391621951936422
1709908555.4512167,-0.015894980907140765
1709908555.4593134,-0.0910066630888246
1709908555.4674125,0.0007964763641349362
1709908555.4755118,-0.11210304210900042
1709908555.4835842,-0.048582407691642904
1709908555.4917367,-0.06457862612675909
1709908555.4998958,-0.04487322262268012
1709908555.508059,0.05087109709984842
1709908555.516238,-0.028413511630125943
1709908555.5243378,-0.016358722386470192
1709908555.5324035,0.025602040453271843
1709908555.5404787,-0.03536838921061015
1709908555.5486271,-0.008476610769216892
1709908555.5567894,-0.048582407691642904
1709908555.5650687,0.024674806416502746
1709908555.5732605,-0.009403844805984303
1709908555.5815382,0.05156658485789768
1709908555.5898206,-0.03884582800085309
1709908555.5981038,0.006592124707242133
1709908555.6061964,-0.004535430499644519
1709908555.6142926,0.006128632149802462
1709908555.6223571,-0.02029965373415112
1709908555.630457,-0.004999171978973947
1709908555.6385612,-0.07222874254340281
1709908555.6467168,-0.014040263911714496
1709908555.6548834,-0.02308160476634649
1709908555.6630397,-0.03420915997323314
1709908555.6712034,0.021197367626261485
1709908555.6793094,-0.03049997490427036
1709908555.687413,0.001723959322792106
1709908555.6954846,-0.02284985848762665
1709908555.7035563,-0.014040263911714496
1709908555.7117038,-0.020067907455432972
1709908555.719864,-0.06851955747444172
1709908555.7280235,-0.013113029874947084
1709908555.7361944,-0.0666650894009052
1709908555.7443159,-0.022154370729577388
1709908555.7523882,-0.027022536114027416
1709908555.7604635,-0.007317381531839887
1709908555.768534,-0.040468549795669766
1709908555.7766802,-0.059941958099139145
1709908555.7848423,-0.03675936472670699
